date,open,high,low,close,volume,amount,outstanding_share,turnover
2024-01-02,3.07,3.1,3.04,3.09,161516735.0,533690744.0,10526455441.0,0.015343886259272107
2024-01-03,3.06,3.09,3.01,3.04,171185506.0,557708875.0,10526455441.0,0.01626240731834966
2024-01-04,3.03,3.06,2.99,3.05,121752233.0,394365385.0,10526455441.0,0.011566308685997125
2024-01-05,3.04,3.08,3.0,3.03,99719316.0,325426298.0,10526455441.0,0.009473209339926375
2024-01-08,3.04,3.08,3.01,3.02,140502431.0,458249520.0,10526455441.0,0.013347553864404374
2024-01-09,3.03,3.13,2.99,3.09,175698279.0,580333449.0,10526455441.0,0.01669111506572899
2024-01-10,3.09,3.09,3.04,3.05,114039215.0,374571964.0,10526455441.0,0.010833581697009152
2024-01-11,3.04,3.07,3.02,3.04,94600665.0,308756031.0,10526455441.0,0.008986943946158295
2024-01-12,3.03,3.1,3.02,3.06,99532811.0,327711551.0,10526455441.0,0.00945549159998577
2024-01-15,3.07,3.08,3.04,3.06,66344400.0,217387993.0,10526455441.0,0.00630263438361141
2024-01-16,3.05,3.07,3.0,3.06,88460072.0,288365326.0,10526455441.0,0.008403595350382863
2024-01-17,3.06,3.06,2.95,2.96,122423050.0,393993816.0,10526455441.0,0.011630035455540765
2024-01-18,2.94,2.95,2.82,2.93,174331427.0,537998571.0,10526455441.0,0.016561265848424923
2024-01-19,2.94,2.95,2.85,2.87,113825500.0,353139972.0,10526455441.0,0.010813279041362353
2024-01-22,2.87,2.89,2.71,2.75,127109012.0,383924601.0,10526455441.0,0.012075195939643363
2024-01-23,2.73,2.76,2.67,2.72,219913446.0,636851361.0,10526455441.0,0.020891500204660393
2024-01-24,2.75,2.81,2.68,2.81,182925324.0,539949145.0,10526455441.0,0.01737767523220735
2024-01-25,2.83,2.91,2.82,2.91,158363551.0,489124144.0,10526455441.0,0.015044337753350682
2024-01-26,2.91,2.98,2.89,2.95,144524781.0,457290217.0,10526455441.0,0.013729672044882596
2024-01-29,2.95,2.98,2.9,2.91,113992400.0,358179204.0,10526455441.0,0.010829134331011889
2024-01-30,2.9,2.92,2.82,2.84,107429984.0,332261192.0,10526455441.0,0.010205713081876143
2024-01-31,2.85,2.88,2.81,2.81,131648700.0,401599097.0,10526455441.0,0.01250646057810069
2024-02-01,2.8,2.94,2.78,2.85,184135525.0,564671306.0,10526455441.0,0.017492642801944673
2024-02-02,2.84,2.89,2.74,2.81,178896106.0,542430456.0,10526455441.0,0.016994904600385132
2024-02-05,2.8,2.88,2.74,2.79,214796900.0,645712056.0,10526455441.0,0.0204054347832393
2024-02-06,2.78,2.97,2.75,2.96,211639102.0,655157641.0,10526455441.0,0.020105447953133078
2024-02-07,2.96,3.05,2.95,3.05,217748563.0,701959879.0,10526455441.0,0.02068583904814536
2024-02-08,3.03,3.12,2.98,3.02,233461860.0,769146955.0,10526455441.0,0.022178582459075266
2024-02-19,3.05,3.1,2.97,3.09,206327768.0,678134891.0,10526455441.0,0.019600877917210765
2024-02-20,3.08,3.19,3.06,3.14,194232928.0,651668722.0,10526455441.0,0.0184518833608009
2024-02-21,3.14,3.19,3.09,3.11,173757242.0,585697541.0,10526455441.0,0.01650671899709227
2024-02-22,3.1,3.18,3.08,3.17,167236831.0,562859579.0,10526455441.0,0.015887288170016015
2024-02-23,3.17,3.23,3.15,3.2,161523974.0,552853806.0,10526455441.0,0.015344573955148518
2024-02-26,3.18,3.2,3.07,3.08,179278020.0,599910764.0,10526455441.0,0.01703118594904429
2024-02-27,3.06,3.09,3.02,3.07,191221033.0,626620792.0,10526455441.0,0.018165757131807538
2024-02-28,3.05,3.08,3.0,3.0,165783472.0,541180419.0,10526455441.0,0.01574922089674003
2024-02-29,2.98,3.06,2.96,3.06,181963329.0,590699321.0,10526455441.0,0.017286286919646496
2024-03-01,3.05,3.06,3.0,3.04,165745249.0,538090613.0,10526455441.0,0.01574558975991394
2024-03-04,3.06,3.09,3.0,3.03,151066097.0,492468856.0,10526455441.0,0.014351088820611481
2024-03-05,3.02,3.07,3.0,3.04,153814071.0,500495979.0,10526455441.0,0.01461214288723459
2024-03-06,3.02,3.09,3.01,3.06,177384202.0,581513976.0,10526455441.0,0.016851275625895654
2024-03-07,3.09,3.36,3.08,3.28,728720892.0,2566160335.0,10526455441.0,0.06922756630514672
2024-03-08,3.34,3.54,3.26,3.54,807244606.0,2943925202.0,10526455441.0,0.07668722016870218
2024-03-11,3.53,3.53,3.32,3.41,651324243.0,2379380760.0,10526455441.0,0.061874982196108076
2024-03-12,3.4,3.42,3.25,3.3,506927854.0,1801502231.0,10526455441.0,0.04815750722940813
2024-03-13,3.28,3.35,3.24,3.33,361537979.0,1281694243.0,10526455441.0,0.034345652344836636
2024-03-14,3.55,3.66,3.5,3.53,934949149.0,3592980718.0,10526455441.0,0.08881899080277501
2024-03-15,3.51,3.78,3.44,3.73,802399515.0,3119978075.0,10526455441.0,0.07622694263015596
2024-03-18,3.74,3.8,3.64,3.68,559082711.0,2221017443.0,10526455441.0,0.053112152911644096
2024-03-19,3.65,3.76,3.61,3.63,399202830.0,1573537231.0,10526455441.0,0.0379237657193822
2024-03-20,3.58,3.7,3.56,3.64,403495839.0,1568635536.0,10526455441.0,0.03833159616373851
2024-03-21,3.68,3.72,3.62,3.67,351483199.0,1381617685.0,10526455441.0,0.03339046091726101
2024-03-22,3.58,3.62,3.5,3.55,338221589.0,1291422160.0,10526455441.0,0.03213062468137607
2024-03-25,3.53,3.65,3.53,3.56,285650995.0,1100429167.0,10526455441.0,0.027136484508109363
2024-03-26,3.55,3.56,3.44,3.5,265098131.0,993953258.0,10526455441.0,0.025183988331671122
2024-03-27,3.5,3.57,3.48,3.51,249334984.0,943668307.0,10526455441.0,0.023686509233569082
2024-03-28,3.5,3.69,3.5,3.64,355978985.0,1380623334.0,10526455441.0,0.03381755492104971
2024-03-29,3.68,3.72,3.64,3.7,334796121.0,1322701047.0,10526464166.000002,0.03180518317645313
2024-04-01,3.77,3.83,3.63,3.7,410348595.0,1641049023.0,10526464166.000002,0.03898256703570105
2024-04-02,3.68,3.78,3.66,3.7,304488692.0,1213177841.0,10526464166.000002,0.028926018005503172
2024-04-03,3.76,3.9,3.69,3.83,630698914.0,2566181577.0,10526464166.000002,0.05991555227415571
2024-04-08,3.87,4.14,3.81,3.84,737533717.0,3117888700.0,10526464166.000002,0.0700647154988852
2024-04-09,3.82,3.89,3.78,3.83,359395490.0,1476206466.0,10526464166.000002,0.03414209029094793
2024-04-10,3.84,4.03,3.79,3.95,439733256.0,1838408456.0,10526464166.000002,0.04177407048231051
2024-04-11,3.85,3.99,3.77,3.88,388800846.0,1617420378.0,10526464166.000002,0.03693555973484515
2024-04-12,3.91,3.96,3.83,3.91,328852817.0,1375651321.0,10526464166.000002,0.03124057725500834
2024-04-15,3.84,3.9,3.7,3.9,355488150.0,1454431941.0,10526464166.000002,0.03377089822318595
2024-04-16,3.85,3.91,3.69,3.73,333212890.0,1360720174.0,10526464166.000002,0.03165477835152495
2024-04-17,3.71,3.85,3.68,3.84,286742874.0,1162368751.0,10526464166.000002,0.02724018905856027
2024-04-18,3.82,4.0,3.8,3.99,384843840.0,1618774553.0,10526464166.000002,0.036559649463589874
2024-04-19,4.0,4.14,3.89,3.94,408566835.0,1753065267.0,10526464166.000002,0.03881330222161894
2024-04-22,4.0,4.04,3.76,3.78,374233558.0,1559233363.0,10526464166.000002,0.0355516868815986
2024-04-23,3.68,3.69,3.51,3.55,411964196.0,1588379559.0,10526464166.000002,0.03913604696728323
2024-04-24,3.54,3.63,3.52,3.62,253226755.0,971611142.0,10526464166.000002,0.02405620263430059
2024-04-25,3.58,3.67,3.54,3.64,199113723.0,771091700.0,10526464166.000002,0.01891553705594023
2024-04-26,3.66,3.77,3.65,3.76,354620950.0,1413189843.0,10526464166.000002,0.03368851538443549
2024-04-29,3.73,3.77,3.61,3.75,371238295.0,1468205572.0,10526464166.000002,0.0352671409074932
2024-04-30,3.8,3.84,3.75,3.77,252987961.0,1028894423.0,10526464166.000002,0.024033517524064685
2024-05-06,3.7,3.79,3.65,3.79,273110290.0,1094148913.0,10526464166.000002,0.025945111833670962
2024-05-07,3.8,3.84,3.72,3.73,259735906.0,1052459687.0,10526464166.000002,0.02467456326303139
2024-05-08,3.69,3.72,3.64,3.66,189477228.0,747589186.0,10526464166.000002,0.018000082934970966
2024-05-09,3.64,3.83,3.64,3.79,282326422.0,1139265978.0,10526464166.000002,0.02682063203253961
2024-05-10,3.84,3.89,3.76,3.85,252336324.0,1034484032.0,10526464166.000002,0.023971612881658288
2024-05-13,3.78,3.84,3.72,3.81,195680251.0,794270818.0,10526464166.000002,0.018589361813631425
2024-05-14,3.86,3.9,3.79,3.87,274969519.0,1135734758.0,10526464166.000002,0.026121736099015944
2024-05-15,3.82,3.9,3.78,3.82,236657490.0,975352410.0,10526464166.000002,0.022482144646859947
2024-05-16,3.87,3.91,3.74,3.77,313890514.0,1284213607.0,10526464166.000002,0.029819178505718188
2024-05-17,3.77,3.83,3.72,3.83,237770202.0,961813059.0,10526464166.000002,0.02258785079685037
2024-05-20,4.01,4.09,3.92,4.05,588956846.0,2539466020.0,10526464166.000002,0.05595011171009385
2024-05-21,4.05,4.08,3.87,3.9,354421184.0,1501667141.0,10526464166.000002,0.033669537881938
2024-05-22,3.9,3.91,3.78,3.82,269426900.0,1109939407.0,10526464166.000002,0.025595194716022174
2024-05-23,3.68,3.7,3.63,3.66,264955707.0,1043405843.0,10526464166.000002,0.02517043736830405
2024-05-24,3.64,3.75,3.64,3.68,185182052.0,735889161.0,10526464166.000002,0.017592046966552127
2024-05-27,3.68,3.76,3.68,3.75,147876749.0,590949643.0,10526464166.000002,0.014048093136310209
2024-05-28,3.78,3.84,3.75,3.77,216890784.0,883131309.0,10526464166.000002,0.02060433404604628
2024-05-29,3.74,3.93,3.73,3.87,321553963.0,1330425717.0,10526464166.000002,0.03054719589875246
2024-05-30,3.85,3.85,3.68,3.71,293770298.0,1185567683.0,10526464166.000002,0.027907784928282435
2024-05-31,3.68,3.73,3.66,3.69,168853267.0,669362325.0,10526464166.000002,0.0160408342570897
2024-06-03,3.65,3.67,3.56,3.61,179209588.0,695166297.0,10526464166.000002,0.017024670884154887
2024-06-04,3.62,3.67,3.59,3.64,140826353.0,548656335.0,10526464166.000002,0.01337831495734937
2024-06-05,3.56,3.57,3.51,3.52,181889243.0,690103724.0,10526464166.000002,0.017279234520884413
2024-06-06,3.56,3.59,3.53,3.55,163297860.0,623821795.0,10526464166.000002,0.015513078031220076
2024-06-07,3.61,3.66,3.55,3.61,174451768.0,661047297.0,10526464166.000002,0.016572684355253043
2024-06-11,3.53,3.56,3.48,3.55,169603932.0,628209540.0,10526464166.000002,0.016112146426889757
2024-06-12,3.52,3.58,3.51,3.56,146120875.0,544399701.0,10526464166.000002,0.013881287457564692
2024-06-13,3.54,3.54,3.41,3.46,214930991.0,781863461.0,10526464166.000002,0.02041815633536447
2024-06-14,3.43,3.48,3.41,3.47,139328654.0,505471158.0,10526464166.000002,0.013236035557887061
2024-06-17,3.45,3.47,3.37,3.38,158710475.0,567160418.0,10526464166.000002,0.015077282599092256
2024-06-18,3.38,3.42,3.36,3.4,123787965.0,441334451.0,10526464166.000002,0.011759690913101615
2024-06-19,3.4,3.46,3.39,3.43,130344500.0,469147014.0,10526464166.000002,0.012382552958381483
2024-06-20,3.44,3.47,3.39,3.41,127459675.0,458857019.0,10526464166.000002,0.012108498446390852
2024-06-21,3.42,3.47,3.39,3.41,131823701.0,474571510.0,10526464166.000002,0.012523075072614081
2024-06-24,3.31,3.37,3.28,3.34,141873225.0,496794479.0,10526464166.000002,0.013477766395504773
2024-06-25,3.33,3.45,3.33,3.4,158196383.0,562943249.0,10526464166.000002,0.015028444547502198
2024-06-26,3.38,3.43,3.31,3.43,125361639.0,443127605.0,10526464166.000002,0.011909187835827378
2024-06-27,3.4,3.4,3.32,3.34,117574706.0,414200146.0,10526464166.000002,0.011169439628147971
2024-06-28,3.33,3.46,3.31,3.44,167598206.0,599889353.0,10526464166.000002,0.015921605142715876
2024-07-01,3.43,3.53,3.42,3.51,158183094.0,578080950.0,10526464166.000002,0.015027182110297223
2024-07-02,3.5,3.55,3.48,3.5,121045200.0,446492488.0,10526464166.000002,0.011499131910881382
2024-07-03,3.51,3.53,3.46,3.49,88612850.0,324951105.0,10526464166.000002,0.008418102090369096
2024-07-04,3.53,3.56,3.44,3.45,128481174.0,472633959.0,10526464166.000002,0.012205539483522713
2024-07-05,3.44,3.52,3.42,3.51,125858249.0,459174173.0,10526464166.000002,0.011956365120827218
2024-07-08,3.51,3.55,3.49,3.5,178685907.0,660760608.0,10526464166.000002,0.01697492189040526
2024-07-09,3.48,3.59,3.46,3.58,165570554.0,615165307.0,10526464166.000002,0.015728980917902643
2024-07-10,3.56,3.58,3.43,3.45,181773475.0,669637111.0,10526464166.000002,0.017268236715906944
2024-07-11,3.48,3.6,3.46,3.58,200205453.0,745907191.0,10526464166.000002,0.019019249944027213
2024-07-12,3.55,3.56,3.46,3.47,197586086.0,726118143.0,10526464166.000002,0.018770413586567277
2024-07-15,3.46,3.51,3.43,3.47,133872321.0,489643318.0,10526464166.000002,0.012717691229349497
2024-07-16,3.45,3.47,3.41,3.44,127786789.0,461312883.0,10526464166.000002,0.012139573838359275
2024-07-17,3.43,3.44,3.31,3.33,183905135.0,648167358.0,10526464166.000002,0.017470741561445218
2024-07-18,3.29,3.31,3.22,3.3,159235654.0,546400313.0,10526464166.000002,0.015127173900835941
2024-07-19,3.22,3.24,3.16,3.22,171538299.0,576501295.0,10526464166.000002,0.016295908701618997
2024-07-22,3.19,3.21,3.12,3.14,148791303.0,492045907.0,10526464166.000002,0.014134974541649902
2024-07-23,3.13,3.15,2.99,3.0,225077932.0,722758880.0,10526464166.000002,0.021382102142806076
2024-07-24,2.99,3.05,2.96,2.98,146310319.0,460135615.0,10526464166.000002,0.013899284383884158
2024-07-25,2.9,2.95,2.86,2.88,202837360.0,616236078.0,10526464166.000002,0.019269277584695096
2024-07-26,2.9,2.96,2.89,2.93,152435988.0,469521490.0,10526464166.000002,0.014481214736127757
2024-07-29,2.94,2.96,2.91,2.93,105100670.0,323721562.0,10526464166.000002,0.009984422911871049
2024-07-30,2.9,2.9,2.87,2.89,134083227.0,406804414.0,10526464166.000002,0.012737727016929644
2024-07-31,2.91,3.0,2.9,3.0,200253479.0,622768032.0,10526464166.000002,0.01902381234971659
2024-08-01,3.04,3.07,2.99,3.01,238936148.0,760178193.0,10526464166.000002,0.022698614105556247
2024-08-02,2.95,2.99,2.93,2.96,144998506.0,451027519.0,10526464166.000002,0.013774663905505758
2024-08-05,2.93,2.98,2.9,2.9,195913788.0,603174887.0,10526464166.000002,0.01861154751590687
2024-08-06,2.9,2.95,2.88,2.91,174473237.0,533304092.0,10526464166.000002,0.016574723881504348
2024-08-07,2.9,2.95,2.88,2.92,149020434.0,458759118.0,10526464166.000002,0.014156741679825328
2024-08-08,2.91,2.94,2.88,2.92,129014665.0,394756597.0,10526464166.000002,0.01225622041413597
2024-08-09,2.94,2.99,2.93,2.93,188498456.0,585880491.0,10526464166.000002,0.017907100905624265
2024-08-12,2.93,2.95,2.91,2.93,85468579.0,263225007.0,10526464166.000002,0.008119400555797227
2024-08-13,2.95,2.96,2.89,2.92,116384657.0,356441254.0,10526464166.000002,0.011056386566717922
2024-08-14,2.92,2.92,2.87,2.88,110783635.0,337146769.0,10526464166.000002,0.0105242969769304
2024-08-15,2.88,2.95,2.86,2.93,161244553.0,493000976.0,10526464166.000002,0.015318016615760925
2024-08-16,2.95,2.99,2.92,2.93,154276054.0,478502637.0,10526464166.000002,0.014656018542133512
2024-08-19,2.93,2.99,2.92,2.97,150371905.0,469173149.0,10526464166.000002,0.014285129615098523
2024-08-20,2.98,2.99,2.91,2.91,121051305.0,373045024.0,10526464166.000002,0.011499711877706303
2024-08-21,2.91,2.95,2.89,2.94,121949620.0,375797403.0,10526464166.000002,0.011585050599791305
2024-08-22,2.93,2.95,2.9,2.91,112044100.0,343867270.0,10526464166.000002,0.010644039464067842
2024-08-23,2.9,2.96,2.89,2.94,122736084.0,377434662.0,10526464166.000002,0.011659763626653663
2024-08-26,2.97,3.0,2.92,2.97,136843200.0,424287821.0,10526464166.000002,0.012999920756107002
2024-08-27,2.95,2.96,2.9,2.91,111914504.0,343807763.0,10526464166.000002,0.010631728017607159
2024-08-28,2.92,2.97,2.88,2.9,213288672.0,654703873.0,10526464166.000002,0.020262138229559804
2024-08-29,2.88,2.93,2.86,2.91,184837671.0,563999212.0,10526464166.000002,0.01755933123270559
2024-08-30,2.9,3.0,2.88,2.96,240787984.0,744874901.0,10526464166.000002,0.022874536045801037
2024-09-02,2.93,2.94,2.87,2.87,227095787.0,691409716.0,10526464166.000002,0.021573795665738266
2024-09-03,2.87,2.89,2.87,2.87,121459203.0,367125059.0,10526464166.000002,0.011538461641498545
2024-09-04,2.83,2.84,2.75,2.77,261255408.0,762639890.0,10526464166.000002,0.024818913918297752
2024-09-05,2.77,2.82,2.75,2.79,161658103.0,473063155.0,10526464166.000002,0.01535730331198469
2024-09-06,2.8,2.83,2.77,2.8,134086376.0,394821135.0,10526464166.000002,0.012738026167712883
2024-09-09,2.77,2.78,2.74,2.78,123300768.0,357710879.0,10526464166.000002,0.01171340785049702
2024-09-10,2.79,2.79,2.72,2.77,124681340.0,360681108.0,10526464166.000002,0.011844560341801669
2024-09-11,2.75,2.77,2.72,2.74,119300633.0,343401171.0,10526464166.000002,0.011333400381994896
2024-09-12,2.75,2.82,2.74,2.79,195498982.0,572859322.0,10526464166.000002,0.018572141501364985
2024-09-13,2.82,2.84,2.8,2.81,151307782.0,447132584.0,10526464166.000002,0.014374036676885029
2024-09-18,2.81,2.83,2.76,2.81,110537079.0,324294064.0,10526464166.000002,0.010500874487088429
2024-09-19,2.81,2.94,2.79,2.94,266090773.0,806828717.0,10526464166.000002,0.025278267118360696
2024-09-20,2.94,3.03,2.91,3.02,250319733.0,785200826.0,10526464166.000002,0.0237800394370335
2024-09-23,3.0,3.04,2.98,3.0,153293505.0,483968596.0,10526464166.000002,0.014562677702844515
2024-09-24,3.02,3.13,3.02,3.12,253555617.0,819204863.0,10526464166.000002,0.0240874440839283
2024-09-25,3.2,3.24,3.11,3.12,277494016.0,927939572.0,10526464166.000002,0.02636155993351433
2024-09-26,3.11,3.27,3.1,3.27,231446756.0,776362584.0,10526464166.000002,0.02198713189444585
2024-09-27,3.35,3.43,3.3,3.39,301923044.0,1065677164.0,10526464166.000002,0.028682284881109237
2024-09-30,3.51,3.68,3.44,3.67,507771775.0,1907059666.0,10526450266.0,0.04823770237532798
2024-10-08,4.03,4.05,3.49,3.69,687009287.0,2712711250.0,10526450266.0,0.06526504848638402
2024-10-09,3.59,3.59,3.32,3.34,447608281.0,1611951680.0,10526450266.0,0.04252224346185877
2024-10-10,3.35,3.53,3.31,3.43,315147264.0,1133324035.0,10526450266.0,0.029938607606204405
2024-10-11,3.46,3.47,3.28,3.34,225386140.0,799868257.0,10526450266.0,0.02141140976345919
2024-10-14,3.35,3.46,3.34,3.43,233580385.0,836052826.0,10526450266.0,0.02218985309363547
2024-10-15,3.41,3.41,3.28,3.29,221634793.0,778250654.0,10526450266.0,0.021055036351225753
2024-10-16,3.24,3.35,3.24,3.3,150948104.0,522948114.0,10526450266.0,0.01433988668407584
2024-10-17,3.32,3.35,3.24,3.24,149593045.0,517793867.0,10526450266.0,0.014211157723623068
2024-10-18,3.25,3.37,3.24,3.31,225037390.0,778412454.0,10526450266.0,0.02137827893671445
2024-10-21,3.34,3.4,3.3,3.35,241611596.0,852042764.0,10526450266.0,0.022952808391675537
2024-10-22,3.32,3.37,3.3,3.35,197107747.0,692202970.0,10526450266.0,0.018724996748110793
2024-10-23,3.35,3.4,3.32,3.37,224710479.0,792902033.0,10526450266.0,0.021347222788465126
2024-10-24,3.33,3.34,3.28,3.32,167115868.0,580117901.0,10526450266.0,0.015875804642309227
2024-10-25,3.3,3.33,3.28,3.3,165827289.0,575797433.0,10526450266.0,0.01575339120117399
2024-10-28,3.3,3.39,3.29,3.39,260820798.0,920361358.0,10526450266.0,0.024777659268712875
2024-10-29,3.36,3.37,3.21,3.23,442276899.0,1517867510.0,10526450266.0,0.04201576864221134
2024-10-30,3.22,3.25,3.18,3.22,201150800.0,678202306.0,10526450266.0,0.01910908187631958
2024-10-31,3.21,3.26,3.19,3.24,220762454.0,749152089.0,10526450266.0,0.02097216520492702
2024-11-01,3.22,3.42,3.21,3.35,505922801.0,1773309303.0,10526450266.0,0.048062052089307805
2024-11-04,3.36,3.38,3.27,3.38,296844802.0,1039285072.0,10526450266.0,0.028199895928715538
2024-11-05,3.35,3.47,3.33,3.46,399660589.0,1436874536.0,10526450266.0,0.03796727091286293
2024-11-06,3.47,3.49,3.41,3.43,331964933.0,1203272269.0,10526450266.0,0.03153626575069024
2024-11-07,3.36,3.47,3.3,3.47,394751384.0,1408268017.0,10526450266.0,0.03750090239584665
2024-11-08,3.54,3.59,3.41,3.43,414207571.0,1512841478.0,10526450266.0,0.03934921654813431
2024-11-11,3.39,3.41,3.33,3.38,297216011.0,1051289215.0,10526450266.0,0.02823516033320325
2024-11-12,3.36,3.41,3.27,3.3,325702977.0,1145484824.0,10526450266.0,0.030941387530420125
2024-11-13,3.27,3.34,3.26,3.3,194246307.0,672109022.0,10526450266.0,0.018453163420854943
2024-11-14,3.27,3.29,3.2,3.2,240158570.0,817745079.0,10526450266.0,0.02281477268511896
2024-11-15,3.21,3.25,3.19,3.19,187627001.0,634050262.0,10526450266.0,0.017824337384277345
2024-11-18,3.19,3.26,3.16,3.21,242677924.0,818836879.0,10526450266.0,0.0230541082575424
2024-11-19,3.21,3.24,3.18,3.24,172281331.0,581133415.0,10526450266.0,0.01636651735832179
2024-11-20,3.23,3.25,3.2,3.24,167346675.0,566940767.0,10526450266.0,0.01589773102719374
2024-11-21,3.23,3.26,3.21,3.23,140584687.0,476110211.0,10526450266.0,0.01335537464648294
2024-11-22,3.22,3.23,3.13,3.13,205468177.0,685086016.0,10526450266.0,0.019519227451599116
2024-11-25,3.13,3.16,3.09,3.12,124798078.0,410133173.0,10526450266.0,0.01185566595066645
2024-11-26,3.11,3.14,3.1,3.1,99528846.0,326374707.0,10526450266.0,0.009455119578294506
2024-11-27,3.11,3.13,3.03,3.13,156546876.0,505647957.0,10526450266.0,0.014871763229209372
2024-11-28,3.11,3.14,3.1,3.1,124315165.0,407921702.0,10526450266.0,0.011809789801746639
2024-11-29,3.1,3.16,3.09,3.14,154072799.0,507313896.0,10526450266.0,0.014636728916836171
2024-12-02,3.22,3.31,3.21,3.3,408777997.0,1406353945.0,10526450266.0,0.03883341360765614
2024-12-03,3.3,3.31,3.24,3.3,211774854.0,728363161.0,10526450266.0,0.020118354112594255
2024-12-04,3.31,3.34,3.27,3.29,191176190.0,664945775.0,10526450266.0,0.018161506031856837
2024-12-05,3.28,3.3,3.26,3.28,129254604.0,444957483.0,10526450266.0,0.01227903051206987
2024-12-06,3.27,3.33,3.27,3.32,215003477.0,748184408.0,10526450266.0,0.020425069379223913
2024-12-09,3.32,3.38,3.31,3.33,190912940.0,671317401.0,10526450266.0,0.01813649760134629
2024-12-10,3.41,3.44,3.32,3.33,228085606.0,807594589.0,10526450266.0,0.021667855757292378
2024-12-11,3.33,3.43,3.31,3.41,269974003.0,962137590.0,10526450266.0,0.02564720263506159
2024-12-12,3.42,3.43,3.37,3.41,215260259.0,768879135.0,10526450266.0,0.02044946335758425
2024-12-13,3.38,3.39,3.27,3.28,550747306.0,1909551002.0,10526450266.0,0.052320325663713155
2024-12-16,3.27,3.32,3.27,3.28,185053016.0,638455735.0,10526450266.0,0.017579811933156005
2024-12-17,3.28,3.3,3.23,3.24,149715729.0,513770049.0,10526450266.0,0.014222812554729455
2024-12-18,3.24,3.26,3.19,3.2,160890374.0,543843144.0,10526450266.0,0.015284390267787544
2024-12-19,3.16,3.17,3.13,3.16,181694752.0,601317357.0,10526450266.0,0.017260780928863222
2024-12-20,3.15,3.17,3.11,3.12,163905646.0,538866391.0,10526450266.0,0.01557083744834747
2024-12-23,3.13,3.17,3.12,3.13,144229129.0,476494725.0,10526450266.0,0.013701592213460043
2024-12-24,3.13,3.17,3.12,3.17,120096715.0,397015165.0,10526450266.0,0.01140904217140582
2024-12-25,3.17,3.19,3.14,3.15,119119215.0,395826340.0,10526450266.0,0.011316180857734174
2024-12-26,3.15,3.17,3.12,3.13,97095650.0,320903759.0,10526450266.0,0.009223968911306687
2024-12-27,3.13,3.16,3.12,3.15,107821078.0,356514008.0,10526450266.0,0.010242871554550316
2024-12-30,3.15,3.17,3.13,3.15,86318120.0,285702085.0,10526450266.0,0.008200116641295876
2024-12-31,3.14,3.16,3.07,3.07,180299034.0,588010765.0,10526450266.0,0.01712818941275564
2025-01-02,3.07,3.1,3.01,3.03,163786588.0,526540855.0,10526450266.0,0.015559527082840445
2025-01-03,3.04,3.14,3.03,3.06,248807919.0,808014626.0,10526450266.0,0.023636450342965028
2025-01-06,3.07,3.12,3.02,3.07,169964967.0,548989247.0,10526450266.0,0.01614646558954255
2025-01-07,3.07,3.13,3.05,3.12,152329409.0,495805720.0,10526450266.0,0.014471108982675547
2025-01-08,3.11,3.11,3.02,3.07,156561817.0,503409899.0,10526450266.0,0.014873182606076448
2025-01-09,3.07,3.08,3.04,3.07,100651155.0,323575877.0,10526450266.0,0.009561737571220858
2025-01-10,3.07,3.12,3.07,3.07,162555785.0,527937650.0,10526450266.0,0.015442602291586222
2025-01-13,3.06,3.13,3.02,3.12,169901083.0,552554812.0,10526450266.0,0.016140396687074416
2025-01-14,3.1,3.16,3.09,3.15,177236917.0,582750574.0,10526450266.0,0.01683729201404845
2025-01-15,3.14,3.16,3.1,3.11,123605200.0,405626468.0,10526450266.0,0.011742343988385116
2025-01-16,3.14,3.19,3.13,3.18,202267380.0,672466952.0,10526450266.0,0.019215155621198847
2025-01-17,3.17,3.18,3.14,3.17,103647087.0,344528248.0,10526450266.0,0.00984634747525249
2025-01-20,3.17,3.18,3.13,3.13,116719400.0,386236915.0,10526450266.0,0.011088201345234
2025-01-21,3.14,3.15,3.1,3.12,87530000.0,287028693.0,10526450266.0,0.008315243770515715
2025-01-22,3.12,3.12,3.07,3.08,84492136.0,274190418.0,10526450266.0,0.008026650377374234
2025-01-23,3.1,3.15,3.07,3.07,131762510.0,430817537.0,10526450266.0,0.012517278538387007
2025-01-24,3.08,3.12,3.07,3.11,104235700.0,339091398.0,10526450266.0,0.009902264995891067
2025-01-27,3.1,3.15,3.1,3.11,110394588.0,363198501.0,10526450266.0,0.010487351881248132
2025-02-05,3.13,3.14,3.09,3.11,119040278.0,389352592.0,10526450266.0,0.011308681938534891
2025-02-06,3.13,3.17,3.12,3.17,154032880.0,509266194.0,10526450266.0,0.014632936660283272
2025-02-07,3.17,3.23,3.16,3.22,216657641.0,728439574.0,10526450266.0,0.020582212951672344
2025-02-10,3.23,3.27,3.21,3.24,153821062.0,522009241.0,10526450266.0,0.014612814207353041
2025-02-11,3.25,3.28,3.22,3.24,187757409.0,640633191.0,10526450266.0,0.017836725986009612
2025-02-12,3.23,3.23,3.16,3.19,199083487.0,666547918.0,10526450266.0,0.018912689650283292
2025-02-13,3.2,3.22,3.17,3.17,125141016.0,419755580.0,10526450266.0,0.01188824464446484
2025-02-14,3.19,3.21,3.17,3.2,119343006.0,400020663.0,10526450266.0,0.01133744073113355
2025-02-17,3.18,3.18,3.13,3.15,151693267.0,501905954.0,10526450266.0,0.014410676264719835
2025-02-18,3.14,3.15,3.09,3.1,136413816.0,448118668.0,10526450266.0,0.012959146963398572
2025-02-19,3.11,3.12,3.07,3.08,146343686.0,475404558.0,10526450266.0,0.013902472562159351
2025-02-20,3.08,3.1,3.07,3.09,124101783.0,402569218.0,10526450266.0,0.011789518770714534
2025-02-21,3.09,3.12,3.08,3.09,155497675.0,505960958.0,10526450266.0,0.014772090407556579
2025-02-24,3.08,3.1,3.07,3.09,130921759.0,424954119.0,10526450266.0,0.01243740821375197
2025-02-25,3.08,3.09,3.05,3.05,131078444.0,422159504.0,10526450266.0,0.012452293098593546
2025-02-26,3.07,3.14,3.06,3.1,244191513.0,798014411.0,10526450266.0,0.023197897375597593
2025-02-27,3.11,3.13,3.07,3.09,126289010.0,410866438.0,10526450266.0,0.011997302681218975
2025-02-28,3.08,3.09,3.05,3.06,120452150.0,388566850.0,10526450266.0,0.011442808065037412
2025-03-03,3.07,3.1,3.06,3.08,122731435.0,397917860.0,10526450266.0,0.011659337373817028
2025-03-04,3.07,3.08,3.06,3.08,78715245.0,253945387.0,10526450266.0,0.007477852743412183
2025-03-05,3.07,3.11,3.06,3.11,144214557.0,467185092.0,10526450266.0,0.013700207891145134
2025-03-06,3.14,3.19,3.13,3.15,225782843.0,750381683.0,10526450266.0,0.021449096067006488
2025-03-07,3.16,3.22,3.15,3.19,232411101.0,779505075.0,10526450266.0,0.022078772532719625
2025-03-10,3.21,3.22,3.16,3.21,188827534.0,632490116.0,10526450266.0,0.017938386562268302
2025-03-11,3.17,3.22,3.15,3.22,172891352.0,579819456.0,10526450266.0,0.016424468612978863
2025-03-12,3.25,3.3,3.23,3.28,312292394.0,1071482802.0,10526450266.0,0.029667398420974975
2025-03-13,3.28,3.32,3.25,3.28,212421974.0,730802987.0,10526450266.0,0.02017982972722668
2025-03-14,3.33,3.36,3.3,3.35,328363939.0,1151082645.0,10526450266.0,0.03119417569098312
2025-03-17,3.33,3.36,3.3,3.31,178473367.0,623165154.0,10526450266.0,0.016954753263449276
2025-03-18,3.34,3.4,3.31,3.33,251305487.0,885790435.0,10526450266.0,0.023873716271828722
2025-03-19,3.33,3.34,3.28,3.34,164949516.0,575404956.0,10526450266.0,0.01567000383147015
2025-03-20,3.4,3.41,3.35,3.35,184945320.0,655642330.0,10526450266.0,0.017569580943859655
2025-03-21,3.34,3.38,3.28,3.29,194980136.0,682352230.0,10526450266.0,0.01852287628525428
2025-03-24,3.3,3.5,3.29,3.45,552443648.0,1989822551.0,10526450266.0,0.05248147609497289
2025-03-25,3.47,3.57,3.42,3.46,445826780.0,1629831643.0,10526450266.0,0.042353003028950995
2025-03-26,3.52,3.6,3.42,3.43,534842144.0,1972708174.0,10526450266.0,0.05080935457677676
2025-03-27,3.37,3.4,3.32,3.35,310709860.0,1095366052.0,10526450266.0,0.029517059611593857
2025-03-28,3.34,3.36,3.29,3.33,216826600.0,757130898.0,10526450266.0,0.020598263851617764
2025-03-31,3.3,3.3,3.22,3.27,236131700.0,807352924.0,10527676589.0,0.022429611890502577
2025-04-01,3.28,3.31,3.27,3.27,165361605.0,571248158.0,10527676589.0,0.015707321895961406
2025-04-02,3.27,3.29,3.25,3.26,116835266.0,401008301.0,10527676589.0,0.011097915576365356
2025-04-03,3.22,3.24,3.18,3.19,189264992.0,637182466.0,10527676589.0,0.01797785013625479
2025-04-07,2.93,2.97,2.87,2.87,343257800.0,1043628244.0,10527676589.0,0.03260527592181717
2025-04-08,2.86,2.87,2.76,2.81,397372621.0,1167407681.0,10527676589.0,0.037745519406931695
2025-04-09,2.76,2.83,2.67,2.82,358841076.0,1037681610.0,10527676589.0,0.03408549578498075
2025-04-10,2.9,2.92,2.86,2.88,339093224.0,1027962311.0,10527676589.0,0.03220969234126233
2025-04-11,2.86,2.89,2.85,2.87,217336114.0,654482580.0,10527676589.0,0.020644262023311665
2025-04-14,2.9,2.98,2.9,2.96,340073316.0,1053732101.0,10527676589.0,0.0323027890460969
2025-04-15,2.96,2.96,2.9,2.92,169297641.0,519463883.0,10527676589.0,0.01608119698290249
2025-04-16,2.92,2.93,2.87,2.9,152727731.0,463927669.0,10527676589.0,0.014507259005237666
2025-04-17,2.91,2.93,2.89,2.89,160087197.0,488862582.0,10527676589.0,0.015206317903730962
2025-04-18,2.89,2.93,2.88,2.92,143600635.0,439466725.0,10527676589.0,0.013640296962583679
2025-04-21,2.92,3.05,2.91,3.04,283846951.0,892985873.0,10527676589.0,0.026961974809957757
2025-04-22,3.04,3.07,3.01,3.04,213138184.0,679054278.0,10527676589.0,0.020245510222331547
2025-04-23,3.03,3.06,3.0,3.03,191080659.0,607138861.0,10527676589.0,0.018150316205538978
2025-04-24,3.03,3.05,2.99,3.01,144135340.0,455930631.0,10527676589.0,0.013691087371605048
2025-04-25,3.02,3.05,3.0,3.01,131632160.0,418188024.0,10527676589.0,0.01250343880600757
2025-04-28,3.01,3.04,2.99,3.02,123527240.0,390742811.0,10527676589.0,0.011733570931412281
2025-04-29,3.02,3.04,3.0,3.03,131094819.0,415673985.0,10527676589.0,0.012452398009355301
2025-04-30,3.03,3.03,3.01,3.01,114279204.0,361931084.0,10527676589.0,0.010855121073856536
2025-05-06,3.03,3.06,3.01,3.06,139824372.0,446482590.0,10527676589.0,0.013281598348689546
2025-05-07,3.08,3.09,3.04,3.05,134389435.0,431555099.0,10527676589.0,0.012765346072695546
2025-05-08,3.04,3.06,3.03,3.05,95161375.0,304349831.0,10527676589.0,0.009039162078689877
2025-05-09,3.05,3.06,3.01,3.02,100505364.0,319594326.0,10527676589.0,0.00954677541149151
2025-05-12,3.04,3.08,3.03,3.07,139882684.0,448798722.0,10527676589.0,0.013287137272639863
2025-05-13,3.08,3.09,3.06,3.07,105227405.0,339889733.0,10527676589.0,0.00999531132158338
2025-05-14,3.07,3.11,3.07,3.11,133733865.0,434878965.0,10527676589.0,0.012703074972851449
2025-05-15,3.1,3.11,3.05,3.06,121594539.0,392714019.0,10527676589.0,0.011549988069262107
2025-05-16,3.06,3.07,3.03,3.03,102725020.0,328542090.0,10527676589.0,0.009757615474940954
2025-05-19,3.03,3.05,3.01,3.04,76262000.0,242689078.0,10527676589.0,0.0072439535309893055
2025-05-20,3.04,3.05,3.03,3.03,82678981.0,263521139.0,10527676589.0,0.007853487927848046
2025-05-21,3.04,3.07,3.03,3.07,122812955.0,393930924.0,10527676589.0,0.011665722627566556
2025-05-22,3.06,3.07,3.03,3.03,99177733.0,316496749.0,10527676589.0,0.009420666769306661
2025-05-23,3.03,3.05,3.0,3.0,104738580.0,332365270.0,10527676589.0,0.009948878949172667
2025-05-26,3.02,3.06,3.01,3.03,115522920.0,367769582.0,10527676589.0,0.01097325882148639
2025-05-27,3.03,3.04,2.98,2.99,117913370.0,371130084.0,10527676589.0,0.011200322217649005
2025-05-28,3.0,3.01,2.99,2.99,51472712.0,161881113.0,10527676589.0,0.0048892755742308835
2025-05-29,2.99,3.04,2.98,3.03,124752440.0,394984788.0,10527676589.0,0.011849949886411732
2025-05-30,3.02,3.04,3.0,3.02,82604406.0,261729104.0,10527676589.0,0.007846404218601324
2025-06-03,3.03,3.05,3.02,3.03,81851046.0,260743482.0,10527676589.0,0.007774844269582073
2025-06-04,3.04,3.08,3.03,3.07,139732332.0,449723210.0,10527676589.0,0.013272855678906532
2025-06-05,3.07,3.07,3.02,3.04,125978822.0,401888659.0,10527676589.0,0.011966441116896662
2025-06-06,3.05,3.1,3.05,3.09,234316024.0,759536850.0,10527676589.0,0.022257144966328905
2025-06-09,3.08,3.09,3.06,3.08,142230832.0,459956000.0,10527676589.0,0.013510182498255315
2025-06-10,3.1,3.12,3.07,3.09,170410805.0,554083792.0,10527676589.0,0.016186933893662374
2025-06-11,3.08,3.15,3.08,3.13,179902743.0,590835400.0,10527676589.0,0.017088551446192226
2025-06-12,3.12,3.15,3.11,3.15,125271043.0,412666330.0,10527676589.0,0.011899210803159675
2025-06-13,3.15,3.16,3.11,3.13,136378098.0,448949356.0,10527676589.0,0.012954244637653163
2025-06-16,3.13,3.16,3.11,3.13,118298500.0,389624642.0,10527676589.0,0.011236904838395772
2025-06-17,3.14,3.16,3.13,3.14,82128865.0,271118477.0,10527676589.0,0.007801233663068029
2025-06-18,3.14,3.15,3.11,3.14,87442200.0,287636672.0,10527676589.0,0.008305935242289385
2025-06-19,3.13,3.14,3.08,3.09,111157878.0,362727435.0,10527676589.0,0.010558633432579508
2025-06-20,3.09,3.11,3.08,3.09,83186832.0,270496676.0,10527676589.0,0.007901727536626553
2025-06-23,3.09,3.14,3.08,3.1,118008308.0,373450420.0,10527676589.0,0.011209340161845658
2025-06-24,3.11,3.15,3.1,3.13,119424541.0,381437527.0,10527676589.0,0.011343864906030883
2025-06-25,3.14,3.15,3.11,3.14,110124588.0,351229767.0,10527676589.0,0.010460483570996597
2025-06-26,3.14,3.2,3.14,3.16,145709095.0,470005756.0,10527676589.0,0.013840574771478669
2025-06-27,3.2,3.31,3.19,3.27,295937222.0,985537234.0,10527676589.0,0.02811040209092426
2025-06-30,3.34,3.36,3.26,3.28,284415557.0,954718412.0,10527672764.0,0.02701599521335578
2025-07-01,3.28,3.35,3.23,3.34,270567659.0,903942209.0,10527672764.0,0.025700614472480766
2025-07-02,3.32,3.42,3.3,3.38,320323219.0,1096509664.0,10527672764.0,0.030426783409849535
2025-07-03,3.41,3.42,3.35,3.38,203565574.0,700357239.0,10527672764.0,0.019336236845820715
2025-07-04,3.36,3.37,3.32,3.33,198936388.0,677145638.0,10527672764.0,0.018896520860742817
2025-07-07,3.32,3.36,3.31,3.34,162291695.0,552405383.0,10527672764.0,0.015415723744279557
2025-07-08,3.34,3.38,3.33,3.35,145222025.0,496113871.0,10527672764.0,0.013794314114378184
2025-07-09,3.41,3.44,3.25,3.27,371463354.0,1256582431.0,10527672764.0,0.035284470017936054
2025-07-10,3.27,3.33,3.26,3.32,210132361.0,706753379.0,10527672764.0,0.01996000119974854
2025-07-11,3.32,3.41,3.32,3.36,265030792.0,906712127.0,10527672764.0,0.025174679907062507
2025-07-14,3.36,3.41,3.36,3.37,189217100.0,651150396.0,10527672764.0,0.017973307514557165
2025-07-15,3.36,3.38,3.3,3.32,160573768.0,544901009.0,10527672764.0,0.015252541715495898
2025-07-16,3.32,3.33,3.27,3.28,159164682.0,533285590.0,10527672764.0,0.015118695799918197
2025-07-17,3.29,3.29,3.26,3.28,115511985.0,385218943.0,10527672764.0,0.010972224117280703
2025-07-18,3.29,3.35,3.28,3.32,195942454.0,662379335.0,10527672764.0,0.018612133791813593
2025-07-21,3.34,3.46,3.34,3.46,360384444.0,1251662352.0,10527672764.0,0.03423210923048026
2025-07-22,3.46,3.57,3.44,3.57,386262177.0,1378379497.0,10527672764.0,0.03669017698962361
2025-07-23,3.63,3.72,3.56,3.58,449493342.0,1659084755.0,10527672764.0,0.04269636339163856
2025-07-24,3.58,3.72,3.56,3.67,367924518.0,1364087868.0,10527672764.0,0.034948323931395325
2025-07-25,3.64,3.67,3.58,3.61,249744490.0,920056684.0,10527672764.0,0.02372266839961212
2025-07-28,3.59,3.6,3.48,3.56,247216002.0,893751475.0,10527672764.0,0.023482493001242378
2025-07-29,3.55,3.57,3.51,3.56,145920481.0,526247509.0,10527672764.0,0.01386065888170306
2025-07-30,3.56,3.59,3.55,3.57,236818315.0,859918074.0,10527672764.0,0.022494840057131548
2025-07-31,3.5,3.51,3.4,3.42,325677948.0,1141818091.0,10527672764.0,0.030935417095568834
2025-08-01,3.41,3.47,3.4,3.45,172276840.0,602644549.0,10527672764.0,0.01636419025001526
2025-08-04,3.44,3.5,3.42,3.47,164239499.0,578063559.0,10527672764.0,0.01560074127319256
2025-08-05,3.48,3.66,3.47,3.59,337675946.0,1231529920.0,10527672764.0,0.03207507998868495
2025-08-06,3.66,3.96,3.65,3.96,815553293.0,3228143235.0,10527672764.0,0.07746757628987412
2025-08-07,3.98,4.09,3.87,3.95,889811105.0,3587747494.0,10527672764.0,0.08452115913431141
2025-08-08,3.92,4.01,3.88,3.96,393954922.0,1581697318.0,10527672764.0,0.03742089356606449
2025-08-11,3.98,4.03,3.92,3.98,432539661.0,1749733290.0,10527672764.0,0.04108597129643837
2025-08-12,3.98,4.01,3.89,3.97,324394026.0,1306381402.0,10527672764.0,0.030813460227343367
2025-08-13,4.01,4.19,3.99,4.18,627257610.0,2625761430.0,10527672764.0,0.059581792107458405
2025-08-14,4.13,4.23,4.1,4.11,457198788.0,1936864653.0,10527672764.0,0.04342828640755422
2025-08-15,4.11,4.25,4.1,4.24,390310902.0,1670477622.0,10527672764.0,0.0370747562875141
2025-08-18,4.13,4.22,4.01,4.17,567284459.0,2387994994.0,10527672764.0,0.053885077140682296
2025-08-19,4.19,4.21,4.02,4.04,445294460.0,1858367712.0,10527672764.0,0.042297521017438035
2025-08-20,4.05,4.17,4.03,4.11,342265754.0,1430697642.0,10527672764.0,0.032511055545951045
2025-08-21,4.1,4.16,4.07,4.09,235417270.0,981965561.0,10527672764.0,0.022361757938090865
2025-08-22,4.07,4.11,4.03,4.08,244393010.0,1012283612.0,10527672764.0,0.02321434332910844
2025-08-25,4.2,4.38,4.18,4.33,507186333.0,2216775985.0,10527672764.0,0.04817649107923963
2025-08-26,4.32,4.4,4.24,4.37,333407456.0,1468489787.0,10527672764.0,0.031669625706842494
2025-08-27,4.37,4.45,4.24,4.25,348579406.0,1542037791.0,10527672764.0,0.03311077517454645
2025-08-28,4.23,4.31,4.13,4.28,309151326.0,1330901228.0,10527672764.0,0.02936559037598141
2025-08-29,4.32,4.47,4.27,4.43,422847644.0,1896290603.0,10816534650.0,0.03909270923474553
2025-09-01,4.48,4.59,4.37,4.51,474834986.0,2165299306.0,10816534650.0,0.04389899365782552
2025-09-02,4.52,4.54,4.34,4.43,399694011.0,1797408334.0,10816534650.0,0.03695213152208596
2025-09-03,4.51,4.56,4.33,4.37,373777569.0,1687316167.0,10816534650.0,0.034556129212788125
2025-09-04,4.37,4.46,4.09,4.15,435466230.0,1881415288.0,10816534650.0,0.04025931077658037
2025-09-05,4.12,4.39,4.1,4.38,364891157.0,1590779595.0,10816534650.0,0.033734571080951514
2025-09-08,4.38,4.39,4.24,4.26,307030177.0,1346627650.0,10816534650.0,0.028385262649715637
2025-09-09,4.27,4.39,4.24,4.26,321160067.0,1407850307.0,10816534650.0,0.02969158583521017
2025-09-10,4.21,4.27,4.15,4.25,238624572.0,1024800622.0,10816534650.0,0.022061092551485518
2025-09-11,4.27,4.41,4.26,4.36,277906594.0,1229387316.0,10816534650.0,0.025692756783245733
2025-09-12,4.42,4.74,4.41,4.65,569152766.0,2652400264.0,10816534650.0,0.0526187715767175
2025-09-15,4.62,4.69,4.56,4.58,353046395.0,1659028633.0,10816534650.0,0.03263951038145105
2025-09-16,4.65,4.68,4.37,4.51,433578741.0,1968495403.0,10816534650.0,0.04008481043418097
2025-09-17,4.45,4.59,4.41,4.55,298963277.0,1366642076.0,10816534650.0,0.027639469263845976
2025-09-18,4.42,4.42,4.24,4.31,388236573.0,1721477029.0,10816534650.0,0.03589287933358583
2025-09-19,4.29,4.38,4.26,4.37,239774437.0,1060042831.0,11020511450.0,0.021757106109626154
2025-09-22,4.41,4.43,4.24,4.3,222546953.0,973776180.0,11123636450.0,0.020006672638065225
2025-09-23,4.31,4.34,4.13,4.22,281820983.0,1210172391.0,11123636450.0,0.02533532844827916
2025-09-24,4.19,4.26,4.14,4.23,220799207.0,943961208.0,11123636450.0,0.019849552616401808
2025-09-25,4.52,4.65,4.44,4.58,771181170.0,3589111786.0,11123636450.0,0.06932815302499391
2025-09-26,4.6,4.81,4.56,4.67,518123912.0,2477239677.0,11143011450.0,0.046497655891756265
2025-09-29,4.74,5.09,4.7,5.07,568509777.0,2835261159.0,11143011450.0,0.05101940167170877
2025-09-30,5.16,5.38,5.08,5.26,557224511.0,2970051351.0,11143011450.0,0.05000663541452253
2025-10-09,5.62,5.79,5.59,5.79,491198435.0,2868449518.0,11143011450.0,0.04408130039209463
2025-10-10,5.8,6.24,5.69,5.77,833436631.0,5013850319.0,11143011450.0,0.07479455932893257
2025-10-13,5.49,5.77,5.45,5.69,625769569.0,3561350879.0,11143011450.0,0.056158029793642546
2025-10-14,5.87,5.87,5.32,5.38,585460263.0,3331375704.0,11143011450.0,0.052540578067879484
2025-10-15,5.42,5.5,5.26,5.49,439375222.0,2408575375.0,11143011450.0,0.03943056362918841
2025-10-16,5.43,5.5,5.21,5.33,394993356.0,2156398406.0,11143011450.0,0.035447630810789485
2025-10-17,5.35,5.38,5.11,5.13,358884574.0,1905521785.0,11143011450.0,0.032207143967351845
2025-10-20,5.18,5.25,5.11,5.18,298307387.0,1571862238.0,11143011450.0,0.026770805032242877
2025-10-21,5.2,5.39,5.17,5.34,381467960.0,2069598743.0,11143011450.0,0.034233830029852474
2025-10-22,5.17,5.34,5.13,5.31,242270125.0,1298858929.0,11143011450.0,0.02174188962176827
2025-10-23,5.3,5.42,5.23,5.41,231637465.0,1255235710.0,11143011450.0,0.020787689758678295
2025-10-24,5.49,5.65,5.41,5.6,366829432.0,2055691950.0,11143011450.0,0.03292013417073174
2025-10-27,5.72,5.89,5.68,5.75,391260820.0,2299060234.0,11143011450.0,0.03511266426994473
2025-10-28,5.5,5.51,5.18,5.18,892752855.0,4798266472.0,11143011450.0,0.08011773648496072
2025-10-29,5.27,5.44,5.2,5.44,485152638.0,2637630515.0,11143011450.0,0.04353873637992178
2025-10-30,5.38,5.56,5.34,5.42,392409502.0,2184791285.0,11143011450.0,0.035215749688563766
2025-10-31,5.37,5.43,5.18,5.2,393120731.0,2106220772.0,11143011450.0,0.03527957704826733
2025-11-03,5.17,5.18,4.96,5.09,343618747.0,1759272195.0,11143011450.0,0.030837152823709968
2025-11-04,5.01,5.06,4.88,4.95,278618575.0,1407177184.0,11143011450.0,0.02500388483402303
2025-11-05,4.87,5.06,4.84,5.02,242210735.0,1223101606.0,11143011450.0,0.02173655982378085
2025-11-06,5.06,5.19,5.04,5.19,285045366.0,1487005657.0,11143011450.0,0.02558064014194296
2025-11-07,5.14,5.18,5.08,5.12,192216384.0,1004169004.0,11143011450.0,0.017249949429065693
2025-11-10,5.19,5.23,5.12,5.16,230602473.0,1213255861.0,11143011450.0,0.020694807147487945
2025-11-11,5.22,5.27,5.06,5.08,227557292.0,1189551191.0,11143011450.0,0.020421525457554834
2025-11-12,5.07,5.2,4.97,5.12,228236111.0,1187833633.0,11143011450.0,0.020482444267792617
2025-11-13,5.21,5.35,5.21,5.3,379595318.0,2045354982.0,11143011450.0,0.03406577474171042
2025-11-14,5.22,5.26,5.16,5.2,206101528.0,1095695389.0,11143011450.0,0.01849603483984574
2025-11-17,5.16,5.19,5.07,5.1,183802943.0,957189457.0,11143011450.0,0.016494907487508686
2025-11-18,5.06,5.07,4.91,4.95,241310168.0,1222523016.0,11143011450.0,0.02165574082758391
2025-11-19,4.95,5.05,4.94,5.03,145256161.0,737942625.0,11143011450.0,0.013035628802122428
2025-11-20,5.03,5.1,4.97,5.01,188243392.0,964955087.0,11143011450.0,0.016893403802434395
2025-11-21,4.91,4.92,4.72,4.75,296933961.0,1453504064.0,11143011450.0,0.026647550559593117
2025-11-24,4.81,4.9,4.78,4.83,200484113.0,979452426.0,11143011450.0,0.017991914833758876
2025-11-25,4.88,5.0,4.86,4.95,183244562.0,913323595.0,11143011450.0,0.01644479706605704
2025-11-26,4.96,5.1,4.96,5.0,211756028.0,1074265640.0,11143011450.0,0.01900348294087053
2025-11-27,5.08,5.12,5.02,5.03,159280966.0,813399950.0,11143011450.0,0.014294247718824699
2025-11-28,5.02,5.09,4.98,5.06,166067195.0,844414939.0,11143011450.0,0.014903259836460098
2025-12-01,5.26,5.5,5.25,5.38,473834989.0,2570061371.0,11143011450.0,0.042523063996313136
2025-12-02,5.32,5.38,5.24,5.37,227488716.0,1220120641.0,11143011450.0,0.020415371286368014
2025-12-03,5.36,5.56,5.34,5.5,336316529.0,1846219538.0,11143011450.0,0.030181834642196297
2025-12-04,5.67,5.73,5.57,5.59,376665237.0,2140569907.0,11143011450.0,0.03380282239591524
2025-12-05,5.57,5.8,5.56,5.8,424874214.0,2442292388.0,11143011450.0,0.038129209137625
2025-12-08,5.81,5.81,5.57,5.72,409992372.0,2336283985.0,11143011450.0,0.036793677709090034
2025-12-09,5.66,5.66,5.37,5.43,404564962.0,2227636620.0,11143011450.0,0.03630660919764199
2025-12-10,5.5,5.52,5.4,5.44,201458301.0,1104750176.0,11143011450.0,0.018079340751283174
2025-12-11,5.5,5.55,5.31,5.31,248236075.0,1354194621.0,11143011450.0,0.022277287976761435
2025-12-12,5.45,5.47,5.35,5.41,260421409.0,1420459803.0,11143011450.0,0.023370828448713476
2025-12-15,5.31,5.43,5.26,5.35,203606574.0,1101299523.0,11143011450.0,0.018272131812266963
2025-12-16,5.31,5.36,5.14,5.2,233643839.0,1230449885.0,11143011450.0,0.020967746470367307
2025-12-17,5.22,5.43,5.2,5.39,255038916.0,1368278007.0,11143011450.0,0.02288779089426494
2025-12-18,5.36,5.51,5.32,5.36,157004756.0,857026265.0,11143011450.0,0.014089975291194734
2025-12-19,5.36,5.46,5.29,5.42,172748894.0,938731815.0,11143011450.0,0.01550289118656519
2025-12-22,5.46,5.54,5.44,5.51,235457810.0,1305399814.0,11143011450.0,0.021130536485269427
2025-12-23,5.51,5.6,5.46,5.48,236270671.0,1312937561.0,11143011450.0,0.021203484539181732
2025-12-24,5.56,5.6,5.47,5.52,249889596.0,1386566320.0,11143011450.0,0.022425678832089867
2025-12-25,5.46,5.52,5.39,5.48,206000467.0,1128391771.0,11143011450.0,0.018486965388517122
2025-12-26,5.6,5.93,5.58,5.88,589746518.0,3425294689.0,11143011450.0,0.05292523665135424
2025-12-29,6.06,6.09,5.68,5.69,594365534.0,3482368400.0,11143011450.0,0.05333975798795396
2025-12-30,5.52,5.8,5.51,5.76,352390747.0,2015219594.0,11143011450.0,0.03162437269145945
2025-12-31,5.75,6.15,5.72,5.96,540814387.0,3265062146.0,11142989627.0,0.04853404742382428
2026-01-05,5.72,5.8,5.62,5.78,744951982.0,4290371056.0,11142989627.0,0.06685387018533567
2026-01-06,5.93,6.0,5.8,5.87,582852105.0,3459823941.0,11142989627.0,0.05230661828740478
2026-01-07,5.88,5.95,5.74,5.79,536518333.0,3161698605.0,11142989627.0,0.04814850870003417
2026-01-08,5.72,5.84,5.62,5.66,514345350.0,2964653775.0,11142989627.0,0.046158649268928376
2026-01-09,5.63,5.93,5.61,5.86,520480240.0,3055288865.0,11142989627.0,0.04670920977426483
2026-01-12,5.96,6.0,5.81,5.88,443224916.0,2629685792.0,11142989627.0,0.039776122103357674
2026-01-13,5.88,6.13,5.85,5.93,500107924.0,3024449245.0,11142989627.0,0.04488094674235489
2026-01-14,5.98,6.2,5.98,6.07,570335445.0,3505044201.0,11142989627.0,0.05118334164271766
2026-01-15,6.06,6.3,6.01,6.08,585361534.0,3628648525.0,11142989627.0,0.052531820776503355
2026-01-16,6.09,6.34,6.03,6.07,606289242.0,3786346139.0,11142989627.0,0.054409926087603276
2026-01-19,6.08,6.1,5.76,5.87,485326664.0,2871640555.0,11142989627.0,0.043554439180669265
2026-01-20,5.94,6.05,5.76,5.99,478053617.0,2841430233.0,11142989627.0,0.042901737594877865
2026-01-21,5.97,6.2,5.91,6.16,484391892.0,2969997588.0,11142989627.0,0.04347055038320193
2026-01-22,6.1,6.19,6.03,6.19,439371545.0,2708040418.0,11142989627.0,0.03943031086876197
2026-01-23,6.27,6.81,6.21,6.81,867568770.0,5756810878.0,11142989627.0,0.07785781007081252
2026-01-26,7.24,7.49,7.05,7.49,1116182405.0,8256639149.0,11142989627.0,0.10016902486343847
2026-01-27,7.46,8.0,7.15,7.53,1288377142.0,9887248277.0,11142989627.0,0.11562221496448316
2026-01-28,7.67,8.29,7.4,8.29,1120271747.0,8998920572.0,11142989627.0,0.10053601273086782
2026-01-29,8.85,9.12,8.17,9.12,1596332976.0,14140077800.0,11142989627.0,0.14325894840034747
2026-01-30,8.73,9.01,8.21,8.21,979502546.0,8367812455.0,11142989627.0,0.0879030295089406
2026-02-02,7.38,7.38,7.38,7.38,82363400.0,612783696.0,11142989627.0,0.007391499297498179
2026-02-03,7.04,7.89,6.83,7.78,1422388614.0,10233640841.0,11142989627.0,0.12764874253795264
2026-02-04,8.02,8.03,7.43,7.6,965848258.0,7501068855.0,11142989627.0,0.08667765925759306
2026-02-05,7.37,7.48,7.04,7.13,739374541.0,5379284884.0,11142989627.0,0.06635333655955848
2026-02-06,6.88,7.22,6.74,7.06,641246870.0,4547910536.0,11142989627.0,0.057547111813352855
2026-02-09,7.23,7.25,7.1,7.15,434764274.0,3137017335.0,11142989627.0,0.03901684274627208
2026-02-10,7.16,7.24,7.03,7.06,405035059.0,2905218340.0,11142989627.0,0.036348867993072576
2026-02-11,7.01,7.23,6.99,7.12,436415929.0,3139994787.0,11142989627.0,0.03916506643266931
2026-02-12,7.12,7.33,7.1,7.16,496442013.0,3617370492.0,11142989627.0,0.04455195864107215
2026-02-13,7.06,7.14,6.98,7.0,358331107.0,2546070121.0,11142989627.0,0.03215753751863382
2026-02-24,7.19,7.62,7.15,7.45,658843348.0,4923230913.0,11142989627.0,0.0591262641404234
2026-02-25,7.46,7.79,7.36,7.67,668368644.0,5144863523.0,11142989627.0,0.059981088233314925
2026-02-26,7.7,7.73,7.48,7.53,462453887.0,3531777215.0,11142989627.0,0.04150177847060469
2026-02-27,7.47,7.88,7.45,7.87,662465452.0,5159622421.0,11142989627.0,0.05945132089101244
2026-03-02,8.05,8.61,7.69,8.36,843478192.0,6788948837.0,11142989627.0,0.07569586082681184
2026-03-03,8.08,8.15,7.66,7.7,656308967.0,5242868583.0,11142989627.0,0.0588988223958974
2026-03-04,7.44,7.86,7.4,7.68,386902807.0,2989791057.0,11142989627.0,0.03472163395562317
2026-03-05,7.77,7.8,7.5,7.6,335312422.0,2575565032.0,11142989627.0,0.030091782656561206
2026-03-06,7.46,7.57,7.31,7.41,321884546.0,2409647148.0,11142989627.0,0.028886731189272423
2026-03-09,7.19,7.27,7.05,7.22,353226076.0,2545317409.0,11142989627.0,0.03169939915802454
2026-03-10,7.34,7.37,7.22,7.26,244666404.0,1797136628.0,11142989627.0,0.021956980324845814
2026-03-11,7.31,7.33,7.11,7.16,277108361.0,2008015769.0,11142989627.0,0.024868403388669868
2026-03-12,7.1,7.22,7.05,7.09,257122724.0,1846031901.0,11142989627.0,0.02307484190571077
2026-03-13,7.05,7.14,6.88,6.9,352344650.0,2485256045.0,11142989627.0,0.03162029776517533
2026-03-16,6.79,6.81,6.41,6.6,486939126.0,3230490312.0,11142989627.0,0.04369914558837272
2026-03-17,6.63,6.73,6.53,6.54,266608573.0,1783733830.0,11142989627.0,0.023926125925307747
2026-03-18,6.51,6.57,6.36,6.45,287039962.0,1862168470.0,11142989627.0,0.025759690317263544
2026-03-19,6.2,6.29,5.98,6.03,429192723.0,2645550902.0,11142989627.0,0.03851683770395383
2026-03-20,6.12,6.14,5.89,5.91,315289661.0,1915458839.0,11142989627.0,0.028294889572187877
2026-03-23,5.77,5.84,5.5,5.55,455900140.0,2604271902.0,11142989627.0,0.04091362868142065
2026-03-24,5.73,5.77,5.55,5.77,410396491.0,2348590607.0,11142989627.0,0.03683001642625508
2026-03-25,5.9,5.98,5.83,5.86,394339299.0,2347297282.0,11142989627.0,0.03538900350804392
2026-03-26,5.85,5.9,5.7,5.74,253466451.0,1480576534.0,11142989627.0,0.0227467187428622
2026-03-27,5.65,5.85,5.63,5.81,227654227.0,1324770364.0,11142989627.0,0.02043026464355516
2026-03-30,5.78,5.87,5.74,5.87,228743942.0,1342260754.0,11142989627.0,0.0205280584167235
2026-03-31,5.89,5.98,5.77,5.77,255858174.0,1511666379.0,11142989627.0,0.022961357998579065
2026-04-01,5.96,6.02,5.84,5.93,257598373.0,1538160651.0,11142989627.0,0.02311752784690984
2026-04-02,5.92,5.92,5.74,5.79,192307289.0,1128622422.0,11142989627.0,0.017258141256277417
2026-04-03,5.8,5.82,5.69,5.71,120413801.0,694484328.0,11142989627.0,0.010806238274531959
2026-04-07,5.72,5.8,5.68,5.78,143333819.0,831175919.0,11142989627.0,0.012863138511113325
2026-04-08,5.98,6.15,5.96,6.14,371874215.0,2273509760.0,11142989627.0,0.03337293019630305
2026-04-09,6.04,6.11,6.0,6.05,239124481.0,1457317155.0,11142989627.0,0.02145963417399132
2026-04-10,6.11,6.15,6.03,6.04,214274836.0,1312556376.0,11142989627.0,0.01922956434248146
2026-04-13,6.01,6.2,6.0,6.18,259044777.0,1597118981.0,11142989627.0,0.023247331790772024
2026-04-14,6.35,6.4,6.21,6.29,283310003.0,1797974274.0,11142989627.0,0.02542495438688431
2026-04-15,6.43,6.49,6.17,6.22,321599309.0,2049989860.0,11142989627.0,0.028861133301313447
2026-04-16,6.2,6.28,6.17,6.27,208931300.0,1311475871.0,11142989627.0,0.01875002194148592
2026-04-17,6.26,6.47,6.26,6.38,300368635.0,1931076777.0,11142989627.0,0.02695583905706888
2026-04-20,6.4,6.59,6.4,6.47,326197027.0,2127307208.0,11142989627.0,0.029273744113483595
2026-04-21,6.42,6.44,6.27,6.4,217002821.0,1388122098.0,11142989627.0,0.019474380598380144
2026-04-22,6.35,6.49,6.32,6.48,220975579.0,1434765215.0,11142989627.0,0.019830905923538287
2026-04-23,6.55,6.62,6.22,6.25,303031930.0,1938495525.0,11142989627.0,0.02719484986917147
2026-04-24,6.18,6.29,6.1,6.24,213706082.0,1330524495.0,11142989627.0,0.019178522923702618
2026-04-27,6.21,6.31,6.19,6.24,168347364.0,1060785347.0,11142989627.0,0.015107917142100379
2026-04-28,6.2,6.23,6.05,6.19,205852807.0,1274703577.0,11142989627.0,0.018473750213426454
2026-04-29,5.92,6.3,5.89,6.28,292187481.0,1814336790.0,11142989627.0,0.02622164165817903
2026-04-30,6.24,6.28,6.05,6.1,263964473.0,1629057970.0,11142989627.0,0.023688837720929164
2026-05-06,6.15,6.46,6.1,6.45,429694621.0,2730591288.0,11142989627.0,0.03856187929663232
2026-05-07,6.54,6.62,6.4,6.5,346937513.0,2270526290.0,11142989627.0,0.03113504764999096
2026-05-08,6.44,6.67,6.41,6.62,380365437.0,2509362963.0,11142989627.0,0.03413495387973406
2026-05-11,6.62,6.9,6.62,6.83,491118502.0,3347422877.0,11142989627.0,0.04407421333409449
2026-05-12,6.95,7.02,6.77,6.84,422609881.0,2928623427.0,11142989627.0,0.03792607685607065
2026-05-13,6.98,7.14,6.88,6.93,393504159.0,2767225940.0,11142989627.0,0.035314055937602284
2026-05-14,6.86,6.95,6.64,6.64,363824711.0,2479079755.0,11142989627.0,0.03265054740053201
2026-05-15,6.59,6.59,6.15,6.17,434634864.0,2760060253.0,11142989627.0,0.03900522916640421
2026-05-18,6.0,6.06,5.91,6.03,285470285.0,1724902878.0,11142989627.0,0.02561882354339555
2026-05-19,6.03,6.04,5.86,5.97,240544011.0,1438110923.0,11142989627.0,0.021587026377297373
2026-05-20,5.9,5.93,5.73,5.87,252171978.0,1479688654.0,11142989627.0,0.02263054947022253
2026-05-21,5.98,6.06,5.73,5.74,270976649.0,1616788036.0,11142989627.0,0.024318128085070684
2026-05-22,5.77,6.31,5.71,6.31,491018528.0,3024948637.0,11142989627.0,0.044065241415126015
2026-05-25,6.45,6.8,6.4,6.69,686901301.0,4627137790.0,11142989627.0,0.0616442556255823
2026-05-26,6.65,6.83,6.45,6.78,510606746.0,3429983132.0,11142989627.0,0.045823137514440046
2026-05-27,6.72,6.78,6.38,6.41,355112452.0,2333203571.0,11142989627.0,0.03186868729910198
2026-05-28,6.39,6.79,6.24,6.7,511720216.0,3373533671.0,11142989627.0,0.04592306312123609
2026-05-29,6.81,7.17,6.8,6.85,748483944.0,5243963021.0,11142989627.0,0.06717083736543983
2026-06-01,6.85,7.0,6.75,6.77,414954415.0,2866898964.0,11142989627.0,0.03723905602447529
2026-06-02,6.96,7.09,6.81,7.03,548267434.0,3846267411.0,11142989627.0,0.049202902663709
2026-06-03,6.9,7.24,6.86,7.02,651955324.0,4645585809.0,11142989627.0,0.05850811548996518
2026-06-04,6.8,6.82,6.61,6.64,481077498.0,3235531025.0,11142989627.0,0.04317310830428542
2026-06-05,6.6,6.76,6.4,6.44,338879499.0,2233556243.0,11142989627.0,0.030411901145351392
2026-06-08,6.04,6.23,5.9,5.93,441117472.0,2664349783.0,11142989627.0,0.039586994762263
2026-06-09,6.13,6.33,6.01,6.25,444140632.0,2732789325.0,11142989627.0,0.039858300767311665
2026-06-10,6.12,6.43,6.06,6.35,442797255.0,2793851761.0,11142989627.0,0.039737742726339884
2026-06-11,6.38,6.63,6.29,6.45,404102380.0,2599769515.0,11142989627.0,0.03626516702670534
2026-06-12,6.6,7.1,6.55,7.1,628978721.0,4356050981.0,11142989627.0,0.056446137172734535
2026-06-15,7.3,7.71,7.27,7.66,1246720995.0,9342479559.0,11142989627.0,0.11188388724504733
2026-06-16,7.56,7.68,7.38,7.57,823990169.0,6215354943.0,11142989627.0,0.07394695647956381
2026-06-17,7.56,7.7,7.33,7.56,599249987.0,4521019014.0,11142989627.0,0.053778205585688466
2026-06-18,7.39,8.02,7.38,7.65,856039540.0,6598819896.0,11142989627.0,0.0768231478853552
2026-06-22,7.75,7.94,7.42,7.93,839015668.0,6525203125.0,11142989627.0,0.07529538266526109
2026-06-23,7.86,7.86,7.14,7.14,695624481.0,5082851643.0,11142989627.0,0.06242709580510319
2026-06-24,6.88,6.99,6.6,6.94,812831932.0,5530897228.0,11142989627.0,0.07294558814184562
2026-06-25,6.74,6.87,6.63,6.68,489144685.0,3292808007.0,11142989627.0,0.04389707801708609
2026-06-26,6.76,6.79,6.19,6.22,529752274.0,3371841297.0,11142989627.0,0.04754130549636201
